panel,method,state,angle_deg,value
GW@RHF,DMRG,A_1,90.0,12.823198260571647
GW@RHF,DMRG,A_1,91.0,12.894345055493343
GW@RHF,DMRG,A_1,92.0,12.94333291549765
GW@RHF,DMRG,A_1,94.0,12.992247523883798
GW@RHF,DMRG,A_1,98.0,12.977085317936162
GW@RHF,DMRG,A_1,102.0,12.886558876863186
GW@RHF,DMRG,A_1,106.0,12.759523472691171
GW@RHF,DMRG,A_1,110.0,12.612471287862888
GW@RHF,DMRG,A_1,114.0,12.452892050047282
GW@RHF,DMRG,A_1,118.0,12.285229479789018
GW@RHF,DMRG,A_1,122.0,12.111479685615723
GW@RHF,DMRG,A_1,126.0,11.929728294562645
GW@RHF,DMRG,A_1,130.0,11.743757129589186
GW@RHF,DMRG,A_1,134.0,11.55215324481232
GW@RHF,DMRG,A_1,138.0,11.354452698924158
GW@RHF,DMRG,A_1,142.0,11.153085298355117
GW@RHF,DMRG,A_1,146.0,10.947169487109242
GW@RHF,DMRG,B_2,90.0,10.983098424454841
GW@RHF,DMRG,B_2,94.0,11.374902779053773
GW@RHF,DMRG,B_2,98.0,11.699407375698886
GW@RHF,DMRG,B_2,102.0,11.966715825267563
GW@RHF,DMRG,B_2,106.0,12.185952040827742
GW@RHF,DMRG,B_2,110.0,12.364374103441136
GW@RHF,DMRG,B_2,114.0,12.507472094852671
GW@RHF,DMRG,B_2,118.0,12.620841508415602
GW@RHF,DMRG,B_2,122.0,12.708843447900279
GW@RHF,DMRG,B_2,126.0,12.769205782973861
GW@RHF,DMRG,B_2,130.0,12.810356981636607
GW@RHF,DMRG,B_2,134.0,12.832388538170793
GW@RHF,DMRG,B_2,138.0,12.834921990682265
GW@RHF,DMRG,B_2,142.0,12.821117727428485
GW@RHF,DMRG,B_2,146.0,12.787280210016558
GW@RHF,DMRG,A_2,90.0,12.877025486653315
GW@RHF,DMRG,A_2,94.0,12.985096686195808
GW@RHF,DMRG,A_2,98.0,13.077727314166642
GW@RHF,DMRG,A_2,102.0,13.156119809581304
GW@RHF,DMRG,A_2,106.0,13.22118317627325
GW@RHF,DMRG,A_2,110.0,13.27525369538499
GW@RHF,DMRG,A_2,114.0,13.315720658515664
GW@RHF,DMRG,A_2,118.0,13.347649851746255
GW@RHF,DMRG,A_2,122.0,13.37039163007745
GW@RHF,DMRG,A_2,126.0,13.385642647825456
GW@RHF,DMRG,A_2,130.0,13.393951761624534
GW@RHF,DMRG,A_2,134.0,13.395803078682949
GW@RHF,DMRG,A_2,138.0,13.390975490924614
GW@RHF,DMRG,A_2,142.0,13.379666523993329
GW@RHF,DMRG,A_2,146.0,13.358659099773535
ADC(2),DMRG,A_1,90.0,12.823198260571647
ADC(2),DMRG,A_1,91.0,12.894345055493343
ADC(2),DMRG,A_1,92.0,12.94333291549765
ADC(2),DMRG,A_1,94.0,12.992247523883798
ADC(2),DMRG,A_1,98.0,12.977085317936162
ADC(2),DMRG,A_1,102.0,12.886558876863186
ADC(2),DMRG,A_1,106.0,12.759523472691171
ADC(2),DMRG,A_1,110.0,12.612471287862888
ADC(2),DMRG,A_1,114.0,12.452892050047282
ADC(2),DMRG,A_1,118.0,12.285229479789018
ADC(2),DMRG,A_1,122.0,12.111479685615723
ADC(2),DMRG,A_1,126.0,11.929728294562645
ADC(2),DMRG,A_1,130.0,11.743757129589186
ADC(2),DMRG,A_1,134.0,11.55215324481232
ADC(2),DMRG,A_1,138.0,11.354452698924158
ADC(2),DMRG,A_1,142.0,11.153085298355117
ADC(2),DMRG,A_1,146.0,10.947169487109242
ADC(2),DMRG,B_2,90.0,10.983098424454841
ADC(2),DMRG,B_2,94.0,11.374902779053773
ADC(2),DMRG,B_2,98.0,11.699407375698886
ADC(2),DMRG,B_2,102.0,11.966715825267563
ADC(2),DMRG,B_2,106.0,12.185952040827742
ADC(2),DMRG,B_2,110.0,12.364374103441136
ADC(2),DMRG,B_2,114.0,12.507472094852671
ADC(2),DMRG,B_2,118.0,12.620841508415602
ADC(2),DMRG,B_2,122.0,12.708843447900279
ADC(2),DMRG,B_2,126.0,12.769205782973861
ADC(2),DMRG,B_2,130.0,12.810356981636607
ADC(2),DMRG,B_2,134.0,12.832388538170793
ADC(2),DMRG,B_2,138.0,12.834921990682265
ADC(2),DMRG,B_2,142.0,12.821117727428485
ADC(2),DMRG,B_2,146.0,12.787280210016558
ADC(2),DMRG,A_2,90.0,12.877025486653315
ADC(2),DMRG,A_2,94.0,12.985096686195808
ADC(2),DMRG,A_2,98.0,13.077727314166642
ADC(2),DMRG,A_2,102.0,13.156119809581304
ADC(2),DMRG,A_2,106.0,13.22118317627325
ADC(2),DMRG,A_2,110.0,13.27525369538499
ADC(2),DMRG,A_2,114.0,13.315720658515664
ADC(2),DMRG,A_2,118.0,13.347649851746255
ADC(2),DMRG,A_2,122.0,13.37039163007745
ADC(2),DMRG,A_2,126.0,13.385642647825456
ADC(2),DMRG,A_2,130.0,13.393951761624534
ADC(2),DMRG,A_2,134.0,13.395803078682949
ADC(2),DMRG,A_2,138.0,13.390975490924614
ADC(2),DMRG,A_2,142.0,13.379666523993329
ADC(2),DMRG,A_2,146.0,13.358659099773535
EOM-CCSD,DMRG,A_1,90.0,12.823198260571647
EOM-CCSD,DMRG,A_1,91.0,12.894345055493343
EOM-CCSD,DMRG,A_1,92.0,12.94333291549765
EOM-CCSD,DMRG,A_1,94.0,12.992247523883798
EOM-CCSD,DMRG,A_1,98.0,12.977085317936162
EOM-CCSD,DMRG,A_1,102.0,12.886558876863186
EOM-CCSD,DMRG,A_1,106.0,12.759523472691171
EOM-CCSD,DMRG,A_1,110.0,12.612471287862888
EOM-CCSD,DMRG,A_1,114.0,12.452892050047282
EOM-CCSD,DMRG,A_1,118.0,12.285229479789018
EOM-CCSD,DMRG,A_1,122.0,12.111479685615723
EOM-CCSD,DMRG,A_1,126.0,11.929728294562645
EOM-CCSD,DMRG,A_1,130.0,11.743757129589186
EOM-CCSD,DMRG,A_1,134.0,11.55215324481232
EOM-CCSD,DMRG,A_1,138.0,11.354452698924158
EOM-CCSD,DMRG,A_1,142.0,11.153085298355117
EOM-CCSD,DMRG,A_1,146.0,10.947169487109242
EOM-CCSD,DMRG,B_2,90.0,10.983098424454841
EOM-CCSD,DMRG,B_2,94.0,11.374902779053773
EOM-CCSD,DMRG,B_2,98.0,11.699407375698886
EOM-CCSD,DMRG,B_2,102.0,11.966715825267563
EOM-CCSD,DMRG,B_2,106.0,12.185952040827742
EOM-CCSD,DMRG,B_2,110.0,12.364374103441136
EOM-CCSD,DMRG,B_2,114.0,12.507472094852671
EOM-CCSD,DMRG,B_2,118.0,12.620841508415602
EOM-CCSD,DMRG,B_2,122.0,12.708843447900279
EOM-CCSD,DMRG,B_2,126.0,12.769205782973861
EOM-CCSD,DMRG,B_2,130.0,12.810356981636607
EOM-CCSD,DMRG,B_2,134.0,12.832388538170793
EOM-CCSD,DMRG,B_2,138.0,12.834921990682265
EOM-CCSD,DMRG,B_2,142.0,12.821117727428485
EOM-CCSD,DMRG,B_2,146.0,12.787280210016558
EOM-CCSD,DMRG,A_2,90.0,12.877025486653315
EOM-CCSD,DMRG,A_2,94.0,12.985096686195808
EOM-CCSD,DMRG,A_2,98.0,13.077727314166642
EOM-CCSD,DMRG,A_2,102.0,13.156119809581304
EOM-CCSD,DMRG,A_2,106.0,13.22118317627325
EOM-CCSD,DMRG,A_2,110.0,13.27525369538499
EOM-CCSD,DMRG,A_2,114.0,13.315720658515664
EOM-CCSD,DMRG,A_2,118.0,13.347649851746255
EOM-CCSD,DMRG,A_2,122.0,13.37039163007745
EOM-CCSD,DMRG,A_2,126.0,13.385642647825456
EOM-CCSD,DMRG,A_2,130.0,13.393951761624534
EOM-CCSD,DMRG,A_2,134.0,13.395803078682949
EOM-CCSD,DMRG,A_2,138.0,13.390975490924614
EOM-CCSD,DMRG,A_2,142.0,13.379666523993329
EOM-CCSD,DMRG,A_2,146.0,13.358659099773535
"CAS(8,6)",DMRG,A_1,90.0,12.823198260571647
"CAS(8,6)",DMRG,A_1,91.0,12.894345055493343
"CAS(8,6)",DMRG,A_1,92.0,12.94333291549765
"CAS(8,6)",DMRG,A_1,94.0,12.992247523883798
"CAS(8,6)",DMRG,A_1,98.0,12.977085317936162
"CAS(8,6)",DMRG,A_1,102.0,12.886558876863186
"CAS(8,6)",DMRG,A_1,106.0,12.759523472691171
"CAS(8,6)",DMRG,A_1,110.0,12.612471287862888
"CAS(8,6)",DMRG,A_1,114.0,12.452892050047282
"CAS(8,6)",DMRG,A_1,118.0,12.285229479789018
"CAS(8,6)",DMRG,A_1,122.0,12.111479685615723
"CAS(8,6)",DMRG,A_1,126.0,11.929728294562645
"CAS(8,6)",DMRG,A_1,130.0,11.743757129589186
"CAS(8,6)",DMRG,A_1,134.0,11.55215324481232
"CAS(8,6)",DMRG,A_1,138.0,11.354452698924158
"CAS(8,6)",DMRG,A_1,142.0,11.153085298355117
"CAS(8,6)",DMRG,A_1,146.0,10.947169487109242
"CAS(8,6)",DMRG,B_2,90.0,10.983098424454841
"CAS(8,6)",DMRG,B_2,94.0,11.374902779053773
"CAS(8,6)",DMRG,B_2,98.0,11.699407375698886
"CAS(8,6)",DMRG,B_2,102.0,11.966715825267563
"CAS(8,6)",DMRG,B_2,106.0,12.185952040827742
"CAS(8,6)",DMRG,B_2,110.0,12.364374103441136
"CAS(8,6)",DMRG,B_2,114.0,12.507472094852671
"CAS(8,6)",DMRG,B_2,118.0,12.620841508415602
"CAS(8,6)",DMRG,B_2,122.0,12.708843447900279
"CAS(8,6)",DMRG,B_2,126.0,12.769205782973861
"CAS(8,6)",DMRG,B_2,130.0,12.810356981636607
"CAS(8,6)",DMRG,B_2,134.0,12.832388538170793
"CAS(8,6)",DMRG,B_2,138.0,12.834921990682265
"CAS(8,6)",DMRG,B_2,142.0,12.821117727428485
"CAS(8,6)",DMRG,B_2,146.0,12.787280210016558
"CAS(8,6)",DMRG,A_2,90.0,12.877025486653315
"CAS(8,6)",DMRG,A_2,94.0,12.985096686195808
"CAS(8,6)",DMRG,A_2,98.0,13.077727314166642
"CAS(8,6)",DMRG,A_2,102.0,13.156119809581304
"CAS(8,6)",DMRG,A_2,106.0,13.22118317627325
"CAS(8,6)",DMRG,A_2,110.0,13.27525369538499
"CAS(8,6)",DMRG,A_2,114.0,13.315720658515664
"CAS(8,6)",DMRG,A_2,118.0,13.347649851746255
"CAS(8,6)",DMRG,A_2,122.0,13.37039163007745
"CAS(8,6)",DMRG,A_2,126.0,13.385642647825456
"CAS(8,6)",DMRG,A_2,130.0,13.393951761624534
"CAS(8,6)",DMRG,A_2,134.0,13.395803078682949
"CAS(8,6)",DMRG,A_2,138.0,13.390975490924614
"CAS(8,6)",DMRG,A_2,142.0,13.379666523993329
"CAS(8,6)",DMRG,A_2,146.0,13.358659099773535
"MR-GW(8,6)",DMRG,A_1,90.0,12.823198260571647
"MR-GW(8,6)",DMRG,A_1,91.0,12.894345055493343
"MR-GW(8,6)",DMRG,A_1,92.0,12.94333291549765
"MR-GW(8,6)",DMRG,A_1,94.0,12.992247523883798
"MR-GW(8,6)",DMRG,A_1,98.0,12.977085317936162
"MR-GW(8,6)",DMRG,A_1,102.0,12.886558876863186
"MR-GW(8,6)",DMRG,A_1,106.0,12.759523472691171
"MR-GW(8,6)",DMRG,A_1,110.0,12.612471287862888
"MR-GW(8,6)",DMRG,A_1,114.0,12.452892050047282
"MR-GW(8,6)",DMRG,A_1,118.0,12.285229479789018
"MR-GW(8,6)",DMRG,A_1,122.0,12.111479685615723
"MR-GW(8,6)",DMRG,A_1,126.0,11.929728294562645
"MR-GW(8,6)",DMRG,A_1,130.0,11.743757129589186
"MR-GW(8,6)",DMRG,A_1,134.0,11.55215324481232
"MR-GW(8,6)",DMRG,A_1,138.0,11.354452698924158
"MR-GW(8,6)",DMRG,A_1,142.0,11.153085298355117
"MR-GW(8,6)",DMRG,A_1,146.0,10.947169487109242
"MR-GW(8,6)",DMRG,B_2,90.0,10.983098424454841
"MR-GW(8,6)",DMRG,B_2,94.0,11.374902779053773
"MR-GW(8,6)",DMRG,B_2,98.0,11.699407375698886
"MR-GW(8,6)",DMRG,B_2,102.0,11.966715825267563
"MR-GW(8,6)",DMRG,B_2,106.0,12.185952040827742
"MR-GW(8,6)",DMRG,B_2,110.0,12.364374103441136
"MR-GW(8,6)",DMRG,B_2,114.0,12.507472094852671
"MR-GW(8,6)",DMRG,B_2,118.0,12.620841508415602
"MR-GW(8,6)",DMRG,B_2,122.0,12.708843447900279
"MR-GW(8,6)",DMRG,B_2,126.0,12.769205782973861
"MR-GW(8,6)",DMRG,B_2,130.0,12.810356981636607
"MR-GW(8,6)",DMRG,B_2,134.0,12.832388538170793
"MR-GW(8,6)",DMRG,B_2,138.0,12.834921990682265
"MR-GW(8,6)",DMRG,B_2,142.0,12.821117727428485
"MR-GW(8,6)",DMRG,B_2,146.0,12.787280210016558
"MR-GW(8,6)",DMRG,A_2,90.0,12.877025486653315
"MR-GW(8,6)",DMRG,A_2,94.0,12.985096686195808
"MR-GW(8,6)",DMRG,A_2,98.0,13.077727314166642
"MR-GW(8,6)",DMRG,A_2,102.0,13.156119809581304
"MR-GW(8,6)",DMRG,A_2,106.0,13.22118317627325
"MR-GW(8,6)",DMRG,A_2,110.0,13.27525369538499
"MR-GW(8,6)",DMRG,A_2,114.0,13.315720658515664
"MR-GW(8,6)",DMRG,A_2,118.0,13.347649851746255
"MR-GW(8,6)",DMRG,A_2,122.0,13.37039163007745
"MR-GW(8,6)",DMRG,A_2,126.0,13.385642647825456
"MR-GW(8,6)",DMRG,A_2,130.0,13.393951761624534
"MR-GW(8,6)",DMRG,A_2,134.0,13.395803078682949
"MR-GW(8,6)",DMRG,A_2,138.0,13.390975490924614
"MR-GW(8,6)",DMRG,A_2,142.0,13.379666523993329
"MR-GW(8,6)",DMRG,A_2,146.0,13.358659099773535
GW@RHF,SR-GW,A_1,90.0,14.7247308088
GW@RHF,SR-GW,A_1,94.0,14.4660878974
GW@RHF,SR-GW,A_1,98.0,14.226277838199998
GW@RHF,SR-GW,A_1,102.0,14.001328577
GW@RHF,SR-GW,A_1,106.0,13.7876749032
GW@RHF,SR-GW,A_1,110.0,13.5822957021
GW@RHF,SR-GW,A_1,114.0,13.3826891498
GW@RHF,SR-GW,A_1,118.0,13.1867818648
GW@RHF,SR-GW,A_1,122.0,12.992830795
GW@RHF,SR-GW,A_1,126.0,12.7993555786
GW@RHF,SR-GW,A_1,130.0,12.605122425
GW@RHF,SR-GW,A_1,134.0,12.4091874555
GW@RHF,SR-GW,A_1,138.0,12.2109975055
GW@RHF,SR-GW,A_1,142.0,12.0105364191
GW@RHF,SR-GW,A_1,146.0,11.8085771253
GW@RHF,SR-GW,B_2,90.0,11.6377181178
GW@RHF,SR-GW,B_2,94.0,12.0848920819
GW@RHF,SR-GW,B_2,98.0,12.4582911861
GW@RHF,SR-GW,B_2,102.0,12.7707907389
GW@RHF,SR-GW,B_2,106.0,13.0328472092
GW@RHF,SR-GW,B_2,110.0,13.2529754768
GW@RHF,SR-GW,B_2,114.0,13.4381451197
GW@RHF,SR-GW,B_2,118.0,13.5940926231
GW@RHF,SR-GW,B_2,122.0,13.725557638
GW@RHF,SR-GW,B_2,126.0,13.836459104999998
GW@RHF,SR-GW,B_2,130.0,13.9300314161
GW@RHF,SR-GW,B_2,134.0,14.0089377238
GW@RHF,SR-GW,B_2,138.0,14.0753710812
GW@RHF,SR-GW,B_2,142.0,14.1311659367
GW@RHF,SR-GW,B_2,146.0,14.1777496165
GW@RHF,SR-GW,A_2,90.0,12.552893664
GW@RHF,SR-GW,A_2,94.0,12.6989750573
GW@RHF,SR-GW,A_2,98.0,12.8241969147
GW@RHF,SR-GW,A_2,102.0,12.930859583
GW@RHF,SR-GW,A_2,106.0,13.0211759923
GW@RHF,SR-GW,A_2,110.0,13.0972305871
GW@RHF,SR-GW,A_2,114.0,13.1609486085
GW@RHF,SR-GW,A_2,118.0,13.2140653157
GW@RHF,SR-GW,A_2,122.0,13.2580954857
GW@RHF,SR-GW,A_2,126.0,13.2943112383
GW@RHF,SR-GW,A_2,130.0,13.3237372911
GW@RHF,SR-GW,A_2,134.0,13.3471678963
GW@RHF,SR-GW,A_2,138.0,13.3652016428
GW@RHF,SR-GW,A_2,142.0,13.3782743794
GW@RHF,SR-GW,A_2,146.0,13.3867709628
ADC(2),ADC(2),A_1,90.0,11.810685302585831
ADC(2),ADC(2),A_1,94.0,11.643351925099111
ADC(2),ADC(2),A_1,98.0,11.475481569000767
ADC(2),ADC(2),A_1,102.0,11.307970101154481
ADC(2),ADC(2),A_1,106.0,11.140920249985612
ADC(2),ADC(2),A_1,110.0,10.974090568863996
ADC(2),ADC(2),A_1,114.0,10.807112074113281
ADC(2),ADC(2),A_1,118.0,10.639573008479065
ADC(2),ADC(2),A_1,122.0,10.471043682403417
ADC(2),ADC(2),A_1,126.0,10.301090395370071
ADC(2),ADC(2),A_1,130.0,10.129312544071851
ADC(2),ADC(2),A_1,134.0,9.955418485034391
ADC(2),ADC(2),A_1,138.0,9.779343427947039
ADC(2),ADC(2),A_1,142.0,9.601385100750125
ADC(2),ADC(2),A_1,146.0,9.422491597120956
ADC(2),ADC(2),B_2,90.0,9.267646882630693
ADC(2),ADC(2),B_2,94.0,9.645891263127277
ADC(2),ADC(2),B_2,98.0,9.954636941367744
ADC(2),ADC(2),B_2,102.0,10.206606671741008
ADC(2),ADC(2),B_2,106.0,10.411956410273035
ADC(2),ADC(2),B_2,110.0,10.578829090827195
ADC(2),ADC(2),B_2,114.0,10.713814943798553
ADC(2),ADC(2),B_2,118.0,10.822309119036465
ADC(2),ADC(2),B_2,122.0,10.908778607774549
ADC(2),ADC(2),B_2,126.0,10.97696174563008
ADC(2),ADC(2),B_2,130.0,11.030027211454966
ADC(2),ADC(2),B_2,134.0,11.070713627189473
ADC(2),ADC(2),B_2,138.0,11.10145778335648
ADC(2),ADC(2),B_2,142.0,11.124497840964969
ADC(2),ADC(2),B_2,146.0,11.141960530397242
ADC(2),ADC(2),A_2,90.0,12.359659319128776
ADC(2),ADC(2),A_2,94.0,12.531402244612748
ADC(2),ADC(2),A_2,98.0,12.673771931732201
ADC(2),ADC(2),A_2,102.0,12.790291084916383
ADC(2),ADC(2),A_2,106.0,12.884184335069602
ADC(2),ADC(2),A_2,110.0,12.9583619916525
ADC(2),ADC(2),A_2,114.0,13.015413628958314
ADC(2),ADC(2),A_2,118.0,13.057606135056485
ADC(2),ADC(2),A_2,122.0,13.086887662885939
ADC(2),ADC(2),A_2,126.0,13.104903595175395
ADC(2),ADC(2),A_2,130.0,13.113031162768952
ADC(2),ADC(2),A_2,134.0,13.112435603485016
ADC(2),ADC(2),A_2,138.0,13.104146193450624
ADC(2),ADC(2),A_2,142.0,13.08915532103761
ADC(2),ADC(2),A_2,146.0,13.068483279894407
EOM-CCSD,EOM-CCSD,A_1,90.0,13.732304712665234
EOM-CCSD,EOM-CCSD,A_1,94.0,13.525851402758306
EOM-CCSD,EOM-CCSD,A_1,98.0,13.324029723856338
EOM-CCSD,EOM-CCSD,A_1,102.0,13.127064436567444
EOM-CCSD,EOM-CCSD,A_1,106.0,12.934114537624891
EOM-CCSD,EOM-CCSD,A_1,110.0,12.744049418420403
EOM-CCSD,EOM-CCSD,A_1,114.0,12.555745137135338
EOM-CCSD,EOM-CCSD,A_1,118.0,12.368129056298683
EOM-CCSD,EOM-CCSD,A_1,122.0,12.180212901900198
EOM-CCSD,EOM-CCSD,A_1,126.0,11.991044531208308
EOM-CCSD,EOM-CCSD,A_1,130.0,11.799736355063024
EOM-CCSD,EOM-CCSD,A_1,134.0,11.605509926453452
EOM-CCSD,EOM-CCSD,A_1,138.0,11.407797381844581
EOM-CCSD,EOM-CCSD,A_1,142.0,11.206475306715229
EOM-CCSD,EOM-CCSD,A_1,146.0,11.001706196579502
EOM-CCSD,EOM-CCSD,B_2,90.0,10.830392476290788
EOM-CCSD,EOM-CCSD,B_2,94.0,11.260243800472889
EOM-CCSD,EOM-CCSD,B_2,98.0,11.61776420689562
EOM-CCSD,EOM-CCSD,B_2,102.0,11.915047515898728
EOM-CCSD,EOM-CCSD,B_2,106.0,12.161996946873865
EOM-CCSD,EOM-CCSD,B_2,110.0,12.366726235866958
EOM-CCSD,EOM-CCSD,B_2,114.0,12.535913772722234
EOM-CCSD,EOM-CCSD,B_2,118.0,12.675077090498688
EOM-CCSD,EOM-CCSD,B_2,122.0,12.788783416292317
EOM-CCSD,EOM-CCSD,B_2,126.0,12.880804901310078
EOM-CCSD,EOM-CCSD,B_2,130.0,12.954247793320423
EOM-CCSD,EOM-CCSD,B_2,134.0,13.011674256587222
EOM-CCSD,EOM-CCSD,B_2,138.0,13.055229187814236
EOM-CCSD,EOM-CCSD,B_2,142.0,13.08677214238791
EOM-CCSD,EOM-CCSD,B_2,146.0,13.108009489195819
EOM-CCSD,EOM-CCSD,A_2,90.0,12.80210395585656
EOM-CCSD,EOM-CCSD,A_2,94.0,12.940774698561468
EOM-CCSD,EOM-CCSD,A_2,98.0,13.057302679119347
EOM-CCSD,EOM-CCSD,A_2,102.0,13.154008381145992
EOM-CCSD,EOM-CCSD,A_2,106.0,13.233214886944575
EOM-CCSD,EOM-CCSD,A_2,110.0,13.296991070047964
EOM-CCSD,EOM-CCSD,A_2,114.0,13.347280979918036
EOM-CCSD,EOM-CCSD,A_2,118.0,13.385961323277993
EOM-CCSD,EOM-CCSD,A_2,122.0,13.41460040932615
EOM-CCSD,EOM-CCSD,A_2,126.0,13.43457128107426
EOM-CCSD,EOM-CCSD,A_2,130.0,13.447015548694058
EOM-CCSD,EOM-CCSD,A_2,134.0,13.45285075019723
EOM-CCSD,EOM-CCSD,A_2,138.0,13.452821051690282
EOM-CCSD,EOM-CCSD,A_2,142.0,13.447558263465902
EOM-CCSD,EOM-CCSD,A_2,146.0,13.43758184272411
"CAS(8,6)","CAS(8,6)",A_1,90.0,14.160255491100001
"CAS(8,6)","CAS(8,6)",A_1,94.0,14.242265996100002
"CAS(8,6)","CAS(8,6)",A_1,98.0,14.242046419499998
"CAS(8,6)","CAS(8,6)",A_1,102.0,14.1899368857
"CAS(8,6)","CAS(8,6)",A_1,106.0,14.1044178564
"CAS(8,6)","CAS(8,6)",A_1,110.0,13.9963629323
"CAS(8,6)","CAS(8,6)",A_1,114.0,13.8719980833
"CAS(8,6)","CAS(8,6)",A_1,118.0,13.7347447348
"CAS(8,6)","CAS(8,6)",A_1,122.0,13.586327056
"CAS(8,6)","CAS(8,6)",A_1,126.0,13.4274443698
"CAS(8,6)","CAS(8,6)",A_1,130.0,13.2582008376
"CAS(8,6)","CAS(8,6)",A_1,134.0,13.0784074482
"CAS(8,6)","CAS(8,6)",A_1,138.0,12.887824701
"CAS(8,6)","CAS(8,6)",A_1,142.0,12.6863868963
"CAS(8,6)","CAS(8,6)",A_1,146.0,12.4744848057
"CAS(8,6)","CAS(8,6)",B_2,90.0,12.71429757
"CAS(8,6)","CAS(8,6)",B_2,94.0,13.0626021145
"CAS(8,6)","CAS(8,6)",B_2,98.0,13.3461165
"CAS(8,6)","CAS(8,6)",B_2,102.0,13.5768297315
"CAS(8,6)","CAS(8,6)",B_2,106.0,13.7639578349
"CAS(8,6)","CAS(8,6)",B_2,110.0,13.914582362099999
"CAS(8,6)","CAS(8,6)",B_2,114.0,14.034091017299998
"CAS(8,6)","CAS(8,6)",B_2,118.0,14.1264929393
"CAS(8,6)","CAS(8,6)",B_2,122.0,14.194652971000002
"CAS(8,6)","CAS(8,6)",B_2,126.0,14.240468648200002
"CAS(8,6)","CAS(8,6)",B_2,130.0,14.265002228199998
"CAS(8,6)","CAS(8,6)",B_2,134.0,14.2685782257
"CAS(8,6)","CAS(8,6)",B_2,138.0,14.2508632619
"CAS(8,6)","CAS(8,6)",B_2,142.0,14.2109613391
"CAS(8,6)","CAS(8,6)",B_2,146.0,14.147551274899998
"CAS(8,6)","CAS(8,6)",A_2,90.0,12.8184518682
"CAS(8,6)","CAS(8,6)",A_2,94.0,12.9296505155
"CAS(8,6)","CAS(8,6)",A_2,98.0,13.0236807972
"CAS(8,6)","CAS(8,6)",A_2,102.0,13.1020694681
"CAS(8,6)","CAS(8,6)",A_2,106.0,13.1664066723
"CAS(8,6)","CAS(8,6)",A_2,110.0,13.2182347055
"CAS(8,6)","CAS(8,6)",A_2,114.0,13.2589556487
"CAS(8,6)","CAS(8,6)",A_2,118.0,13.289768848
"CAS(8,6)","CAS(8,6)",A_2,122.0,13.3116374694
"CAS(8,6)","CAS(8,6)",A_2,126.0,13.3252766899
"CAS(8,6)","CAS(8,6)",A_2,130.0,13.331153698
"CAS(8,6)","CAS(8,6)",A_2,134.0,13.3294906158
"CAS(8,6)","CAS(8,6)",A_2,138.0,13.3202642378
"CAS(8,6)","CAS(8,6)",A_2,142.0,13.3032003591
"CAS(8,6)","CAS(8,6)",A_2,146.0,13.2777624399
"MR-GW(8,6)","MR-GW(8,6)",A_1,90.0,12.57
"MR-GW(8,6)","MR-GW(8,6)",A_1,94.0,12.57
"MR-GW(8,6)","MR-GW(8,6)",A_1,98.0,12.51
"MR-GW(8,6)","MR-GW(8,6)",A_1,102.0,12.42
"MR-GW(8,6)","MR-GW(8,6)",A_1,106.0,12.3
"MR-GW(8,6)","MR-GW(8,6)",A_1,110.0,12.16
"MR-GW(8,6)","MR-GW(8,6)",A_1,114.0,12.03
"MR-GW(8,6)","MR-GW(8,6)",A_1,118.0,11.88
"MR-GW(8,6)","MR-GW(8,6)",A_1,122.0,11.72
"MR-GW(8,6)","MR-GW(8,6)",A_1,126.0,11.54
"MR-GW(8,6)","MR-GW(8,6)",A_1,130.0,11.36
"MR-GW(8,6)","MR-GW(8,6)",A_1,134.0,11.17
"MR-GW(8,6)","MR-GW(8,6)",A_1,138.0,10.97
"MR-GW(8,6)","MR-GW(8,6)",A_1,142.0,10.75
"MR-GW(8,6)","MR-GW(8,6)",A_1,146.0,10.52
"MR-GW(8,6)","MR-GW(8,6)",B_2,90.0,10.81
"MR-GW(8,6)","MR-GW(8,6)",B_2,94.0,11.18
"MR-GW(8,6)","MR-GW(8,6)",B_2,98.0,11.48
"MR-GW(8,6)","MR-GW(8,6)",B_2,102.0,11.74
"MR-GW(8,6)","MR-GW(8,6)",B_2,106.0,11.94
"MR-GW(8,6)","MR-GW(8,6)",B_2,110.0,12.13
"MR-GW(8,6)","MR-GW(8,6)",B_2,114.0,12.25
"MR-GW(8,6)","MR-GW(8,6)",B_2,118.0,12.36
"MR-GW(8,6)","MR-GW(8,6)",B_2,122.0,12.44
"MR-GW(8,6)","MR-GW(8,6)",B_2,126.0,12.5
"MR-GW(8,6)","MR-GW(8,6)",B_2,130.0,12.54
"MR-GW(8,6)","MR-GW(8,6)",B_2,134.0,12.56
"MR-GW(8,6)","MR-GW(8,6)",B_2,138.0,12.55
"MR-GW(8,6)","MR-GW(8,6)",B_2,142.0,12.53
"MR-GW(8,6)","MR-GW(8,6)",B_2,146.0,12.47
"MR-GW(8,6)","MR-GW(8,6)",A_2,90.0,12.57
"MR-GW(8,6)","MR-GW(8,6)",A_2,94.0,12.7
"MR-GW(8,6)","MR-GW(8,6)",A_2,98.0,12.81
"MR-GW(8,6)","MR-GW(8,6)",A_2,102.0,12.9
"MR-GW(8,6)","MR-GW(8,6)",A_2,106.0,12.97
"MR-GW(8,6)","MR-GW(8,6)",A_2,110.0,13.02
"MR-GW(8,6)","MR-GW(8,6)",A_2,114.0,13.06
"MR-GW(8,6)","MR-GW(8,6)",A_2,118.0,13.09
"MR-GW(8,6)","MR-GW(8,6)",A_2,122.0,13.11
"MR-GW(8,6)","MR-GW(8,6)",A_2,126.0,13.12
"MR-GW(8,6)","MR-GW(8,6)",A_2,130.0,13.12
"MR-GW(8,6)","MR-GW(8,6)",A_2,134.0,13.12
"MR-GW(8,6)","MR-GW(8,6)",A_2,138.0,13.1
"MR-GW(8,6)","MR-GW(8,6)",A_2,142.0,13.07
"MR-GW(8,6)","MR-GW(8,6)",A_2,146.0,13.04
